First Name,Last Name,Email,Salary
Kevon,Cooper,k.cooper@randatmail.com,4307
Riley,Russou,r.russou@randatmail.com,2341
Krick,Edwards,k.edwards@randatmail.com,894
David,Miller,d.miller@randatmail.com,913
Kane,Richardson,k.richardson@randatmail.com,5368
Tino,Best,t.best@randatmail.com,2862
Oshane,Thomas,o.thomas@randatmail.com,6686
Jessy,Ryder,j.ryder@randatmail.com,394
Adam,Zampa,a.zampa@randatmail.com,5806
Ellesa ,Perry,e.perry@randatmail.com,6834
